,File Name,Latitude,Longitude,ImagePath,TestType,Temperature (°C),Conductivity (µS/cm),Salinity (PSS),Density (kg/m³)
0,CC2435009_20250513_181211,40.2741476,-106.8399001,data/profiles\profile_CC2435009_20250513_181211.png,cast,9.15352384653342,296.33987439370026,0.2046793995576272,999.9343607210436
1,CC2435009_20250513_181617,40.2765066,-106.8417523,data/profiles\profile_CC2435009_20250513_181617.png,cast,9.90230882933078,302.4979248046875,0.2049920512275306,999.8730014493624
2,CC2435009_20250513_182530,40.2799046,-106.851733,data/profiles\profile_CC2435009_20250513_182530.png,cast,12.425925254821776,324.1171264648437,0.2063522893634242,999.6119485943558
3,CC2435009_20250513_182851,40.2795316,-106.8520187,data/profiles\profile_CC2435009_20250513_182851.png,cast,12.49453518217958,324.762451171875,0.2064207058582852,999.603737108333
4,CC2435009_20250513_194404,40.2836284,-106.8534496,data/profiles\profile_CC2435009_20250513_194404.png,cast,12.71625518798828,327.7750244140625,0.2072388261900599,999.577264627697
5,CC2435009_20250513_194520,40.2836279,-106.8534452,data/profiles\profile_CC2435009_20250513_194520.png,cast,12.764347076416016,327.6273803710937,0.2068970833119573,999.5710366913746
6,CC2435009_20250513_194839,40.2832709,-106.8539892,data/profiles\profile_CC2435009_20250513_194839.png,cast,12.759137153625488,327.7921142578125,0.2070302077191725,999.5717877415574
7,CC2435009_20250513_195019,40.2832827,-106.8540396,data/profiles\profile_CC2435009_20250513_195019.png,cast,12.772707939147947,327.6491394042969,0.2068683932624509,999.5699749983517
8,CC2435009_20250513_195323,40.283442,-106.8537673,data/profiles\profile_CC2435009_20250513_195323.png,cast,12.78419778176581,327.5198364257812,0.2067261477923247,999.568434351358
9,CC2435009_20250513_195436,40.2834473,-106.8537571,data/profiles\profile_CC2435009_20250513_195436.png,cast,12.811167883982534,327.7012939453125,0.2067056014312647,999.5650560149428
10,CC2435009_20250513_195713,40.2837944,-106.8541028,data/profiles\profile_CC2435009_20250513_195713.png,cast,13.023897171020508,329.54132080078125,0.2068059568207177,999.5382980384816
11,CC2435009_20250513_195804,40.2838028,-106.8541,data/profiles\profile_CC2435009_20250513_195804.png,cast,13.025104522705078,330.01544189453125,0.20710420442235,999.5383766263044
12,CC2435009_20250513_200136,40.2841239,-106.8536555,data/profiles\profile_CC2435009_20250513_200136.png,cast,13.167371581031034,331.61303710937494,0.2074034821100475,999.5203486613312
13,CC2435009_20250513_200211,40.2841186,-106.8536483,data/profiles\profile_CC2435009_20250513_200211.png,cast,13.152828216552734,331.2358093261719,0.2072361200563156,999.5220964499198
14,CC2435009_20250513_202358,40.2842562,-106.8501769,data/profiles\profile_CC2435009_20250513_202358.png,cast,12.897027854204383,328.1820068359375,0.2065777426265305,999.5541922768724
15,CC2435009_20250513_202544,40.2848798,-106.8512738,data/profiles\profile_CC2435009_20250513_202544.png,cast,12.918857401496586,328.36307903776424,0.2065831613791452,999.551445246394
16,CC2435009_20250513_203233,40.2851096,-106.853025,data/profiles\profile_CC2435009_20250513_203233.png,cast,12.96058896230762,328.5528259277344,0.2064928812190087,999.5460988779448
17,CC2435009_20250513_203433,40.2853702,-106.8541535,data/profiles\profile_CC2435009_20250513_203433.png,cast,13.100285121532906,329.0653686523437,0.2061130111374687,999.5279851283292
18,CC2435009_20250513_203453,40.2854235,-106.854289,data/profiles\profile_CC2435009_20250513_203453.png,cast,13.144536805788604,329.5727844238281,0.2062139071648504,999.5223695223052
19,CC2435009_20250513_203612,40.2854382,-106.8548799,data/profiles\profile_CC2435009_20250513_203612.png,cast,13.177423123394302,329.84065498510745,0.2062188549040509,999.5181260184228
20,CC2435009_20250513_203810,40.2861405,-106.8558406,data/profiles\profile_CC2435009_20250513_203810.png,cast,13.36939050507786,331.32122836398304,0.2061938905102125,999.4930486686752
21,CC2435009_20250513_204057,40.2869155,-106.8563551,data/profiles\profile_CC2435009_20250513_204057.png,cast,13.861135054396438,335.8930053710937,0.2066144731291103,999.427137280362
22,CC2435009_20250513_204233,40.2872807,-106.8568961,data/profiles\profile_CC2435009_20250513_204233.png,cast,14.137958526611328,336.64532470703125,0.2057058814665276,999.3878559775734
23,CC2435009_20250514_164158,40.284147,-106.8537396,data/profiles\profile_CC2435009_20250514_164158.png,cast,12.1043051864337,322.0125427246094,0.2066307725816843,999.6501216087098
24,CC2435009_20250514_164350,40.2841455,-106.8537606,data/profiles\profile_CC2435009_20250514_164350.png,cast,12.17787944043133,322.13818359375,0.2063336282915245,999.641321464974
25,CC2435009_20250514_164617,40.2841478,-106.8537518,data/profiles\profile_CC2435009_20250514_164617.png,cast,12.15759736525764,322.16714477539057,0.2064571877597769,999.64378674644
26,CC2435009_20250514_164920,40.284146,-106.8537445,data/profiles\profile_CC2435009_20250514_164920.png,cast,12.151207726016764,321.8719482421875,0.2062963791670433,999.6444062013724
27,CC2435009_20250514_165357,40.2841455,-106.8537635,data/profiles\profile_CC2435009_20250514_165357.png,cast,12.17470634665717,322.05692690743325,0.206296674501166,999.641663501144
28,CC2435009_20250514_165744,40.2841328,-106.85375,data/profiles\profile_CC2435009_20250514_165744.png,cast,12.211439385080816,322.18902587890625,0.2061941586925279,999.6372816840432
29,CC2435009_20250514_171224,40.2796987,-106.8442307,data/profiles\profile_CC2435009_20250514_171224.png,cast,11.892898517361036,319.4531006377375,0.2060369301211586,999.6738948090376
30,CC2435009_20250514_171550,40.2797603,-106.8440994,data/profiles\profile_CC2435009_20250514_171550.png,cast,12.093341827392576,320.9747009277344,0.2060051820449206,999.6509033517436
31,CC2435009_20250514_172258,40.2788829,-106.8436114,data/profiles\profile_CC2435009_20250514_172258.png,cast,11.866154678551746,319.272216796875,0.2060557017863718,999.6769352525624
32,CC2435009_20250514_172525,40.2786503,-106.8430638,data/profiles\profile_CC2435009_20250514_172525.png,cast,11.887277692421051,319.61393564564264,0.2061722863025502,999.674637392942
33,CC2435009_20250514_173407,40.2776744,-106.8423553,data/profiles\profile_CC2435009_20250514_173407.png,cast,11.913586228248048,319.49581850434674,0.2059582149213334,999.6714864220346
34,CC2435009_20250514_173737,40.2778245,-106.8417505,data/profiles\profile_CC2435009_20250514_173737.png,cast,11.69575035930736,317.5668334960937,0.2058080843397534,999.6958068911182
35,CC2435009_20250514_174114,40.2768052,-106.842012,data/profiles\profile_CC2435009_20250514_174114.png,cast,11.900590861842872,319.4502868652344,0.2059953016449184,999.6729902590696
36,CC2435009_20250514_174403,40.2761165,-106.8414659,data/profiles\profile_CC2435009_20250514_174403.png,cast,11.646302184415536,317.46337890625006,0.2059958702489283,999.701417007809
37,CC2435009_20250514_174608,40.275432,-106.8409289,data/profiles\profile_CC2435009_20250514_174608.png,cast,11.6532482926141,317.54298623936086,0.2060127327473067,999.700664680791
38,CC2435009_20250514_174751,40.2749335,-106.8402204,data/profiles\profile_CC2435009_20250514_174751.png,cast,11.748671458624344,317.44830322265625,0.2054555158914021,999.6896495635632
39,CC2435009_20250514_175034,40.2742778,-106.8397325,data/profiles\profile_CC2435009_20250514_175034.png,cast,11.86106257501799,318.38949322826824,0.2054983524842325,999.67707424506
40,CC2435009_20250514_175232,40.2738485,-106.8394547,data/profiles\profile_CC2435009_20250514_175232.png,cast,11.779114683178149,316.04230406050107,0.2043667920738873,999.6853980211577
41,CC2435009_20250514_182738,40.2845973,-106.8523256,data/profiles\profile_CC2435009_20250514_182738.png,cast,12.047537176734156,320.0941467285156,0.2056618985535991,999.6559280217648
42,CC2435009_20250514_183207,40.2849997,-106.8535955,data/profiles\profile_CC2435009_20250514_183207.png,cast,12.065097708718266,320.3819583753712,0.2057608686836468,999.6539792950596
43,CC2435009_20250514_183850,40.2849944,-106.8535771,data/profiles\profile_CC2435009_20250514_183850.png,cast,11.946471016088609,319.37373648532326,0.2057078809148574,999.6675489895448
44,CC2435009_20250514_184124,40.2852938,-106.8535795,data/profiles\profile_CC2435009_20250514_184124.png,cast,11.886907271614636,318.8650296406655,0.2056793066177764,999.6742936453396
45,CC2435009_20250514_184355,40.2854836,-106.8541341,data/profiles\profile_CC2435009_20250514_184355.png,cast,11.877572560340882,318.85268710015526,0.2057193429970495,999.6753813976818
46,CC2435009_20250514_184504,40.2851456,-106.8536049,data/profiles\profile_CC2435009_20250514_184504.png,cast,11.853708740313644,318.67989896985875,0.2057283591915762,999.6780841368984
47,CC2435009_20250514_184901,40.2859916,-106.8548215,data/profiles\profile_CC2435009_20250514_184901.png,cast,11.669865566962432,315.07909232181714,0.2042894023658298,999.6974815442032
48,CC2435009_20250514_195240,40.2832982,-106.8540943,data/profiles\profile_CC2435009_20250514_195240.png,cast,11.690874099731444,318.73883056640625,0.2066118399686202,999.6969762478984
49,CC2435009_20250514_195326,40.2832993,-106.8540197,data/profiles\profile_CC2435009_20250514_195326.png,cast,11.711775923416036,318.840576171875,0.2065706412898779,999.6946266103016
50,CC2435009_20250514_195430,40.2834615,-106.8537321,data/profiles\profile_CC2435009_20250514_195430.png,cast,11.51097272705481,316.8358459472656,0.2062819557256576,999.716432516154
51,CC2435009_20250514_195603,40.2834576,-106.8537377,data/profiles\profile_CC2435009_20250514_195603.png,cast,11.51509619762826,316.2249755859375,0.2058528597386551,999.7156491680488
52,CC2435009_20250514_195634,40.2834334,-106.8536677,data/profiles\profile_CC2435009_20250514_195634.png,cast,11.512672750903224,316.5219394906484,0.2060636218353952,999.7160771326818
53,CC2435009_20250514_195811,40.2836225,-106.8534332,data/profiles\profile_CC2435009_20250514_195811.png,cast,11.239181518554688,313.4971008300781,0.2054635121697964,999.7447867622192
54,CC2435009_20250514_195848,40.2836327,-106.8534469,data/profiles\profile_CC2435009_20250514_195848.png,cast,11.23849105834961,313.2552795410156,0.2053046162798287,999.744734627904
55,CC2435009_20250514_200411,40.2841516,-106.8537745,data/profiles\profile_CC2435009_20250514_200411.png,cast,11.16962718963623,313.46392822265625,0.2058045875149514,999.7523212958976
56,CC2435009_20250514_200451,40.2841392,-106.8537558,data/profiles\profile_CC2435009_20250514_200451.png,cast,11.281427383422852,313.4766845703125,0.2052296416235608,999.7401590303892
57,CC2435009_20250515_175044,40.2832779,-106.8540469,data/profiles\profile_CC2435009_20250515_175044.png,cast,11.248933792114258,316.2955322265625,0.2072930217535089,999.7451971932084
58,CC2435009_20250515_175623,40.2832785,-106.8540309,data/profiles\profile_CC2435009_20250515_175623.png,cast,11.405042115022429,316.6419982910156,0.2067057891275981,999.7281789111206
59,CC2435009_20250515_175944,40.283454,-106.8537378,data/profiles\profile_CC2435009_20250515_175944.png,cast,11.458252957530483,316.95806884765625,0.2066388092195323,999.7224108050544
60,CC2435009_20250515_180950,40.283627,-106.8534711,data/profiles\profile_CC2435009_20250515_180950.png,cast,11.37024016872264,316.80502319335943,0.2069973242784448,999.7321259214442
61,CC2435009_20250515_192831,40.2834424,-106.8537465,data/profiles\profile_CC2435009_20250515_192831.png,cast,11.33717938002414,314.1923217773437,0.2054193824153562,999.7344072333068
62,CC2435009_20250515_200231,40.2832785,-106.8540156,data/profiles\profile_CC2435009_20250515_200231.png,cast,11.390115946935788,314.98828125,0.2056768732609966,999.7289693569192
63,CC2435009_20250515_200555,40.2836446,-106.8534636,data/profiles\profile_CC2435009_20250515_200555.png,cast,11.312533635222485,314.35572453520405,0.2056573586780938,999.7372071113142
64,CC2435009_20250515_205326,40.2728781,-106.8390756,,point,7.894485950469972,152.234130859375,0.1069610031332224,999.9439066063
65,CC2435009_20250515_205636,40.2728808,-106.8390644,,point,7.91677188873291,147.10916137695312,0.1032416301903273,999.9409313389368
66,CC2435009_20250515_211131,40.2765229,-106.8423556,data/profiles\profile_CC2435009_20250515_211131.png,cast,11.474281311035156,314.7557678222656,0.2050840839013309,999.7194639780276
67,CC2435009_20250515_213434,40.2832435,-106.8540499,data/profiles\profile_CC2435009_20250515_213434.png,cast,11.29698159088658,313.8817749023437,0.2054204804856511,999.7386664814992
68,CC2435009_20250515_213542,40.283467,-106.8537339,data/profiles\profile_CC2435009_20250515_213542.png,cast,11.287639617919922,313.6831970214844,0.2053358933687379,999.7395868366256
69,CC2435009_20250515_213650,40.2836427,-106.8534505,data/profiles\profile_CC2435009_20250515_213650.png,cast,11.246638460268038,313.2450866699219,0.2052553097964587,999.7438407099183
70,CC2435009_20250516_175050,40.2832834,-106.8540702,data/profiles\profile_CC2435009_20250516_175050.png,cast,11.00114631652832,314.6830444335937,0.2075141884027262,999.771005902714
71,CC2435009_20250516_175230,40.2832814,-106.8540599,data/profiles\profile_CC2435009_20250516_175230.png,cast,10.99586582183838,312.80194091796875,0.2062696064985995,999.7705669475672
72,CC2435009_20250516_175439,40.2832712,-106.8540448,data/profiles\profile_CC2435009_20250516_175439.png,cast,11.155419965121078,314.6512451171875,0.206678693830723,999.7544835032112
73,CC2435009_20250516_175707,40.283452,-106.8537444,data/profiles\profile_CC2435009_20250516_175707.png,cast,11.26626682281494,314.45672607421875,0.2059667203051484,999.742334457757
74,CC2435009_20250516_175824,40.2834601,-106.8537442,data/profiles\profile_CC2435009_20250516_175824.png,cast,11.355878829956056,318.714599609375,0.208352619072494,999.734718048286
75,CC2435009_20250516_180000,40.2834587,-106.8537436,data/profiles\profile_CC2435009_20250516_180000.png,cast,11.36695957183838,314.68731689453125,0.2055959613300348,999.7313773944396
76,CC2435009_20250516_180256,40.2836187,-106.8534685,data/profiles\profile_CC2435009_20250516_180256.png,cast,11.085075378417969,318.10760498046875,0.209382549519404,999.76387764226
77,CC2435009_20250516_180406,40.2836342,-106.8534457,data/profiles\profile_CC2435009_20250516_180406.png,cast,11.116909181697778,314.86151123046875,0.2070231442207089,999.7587433814248
78,CC2435009_20250516_180530,40.2836331,-106.8534626,data/profiles\profile_CC2435009_20250516_180530.png,cast,11.016160011291504,310.7054748535156,0.2047458519479969,999.7673032171205
79,CC2435009_20250516_180646,40.2836339,-106.8534894,data/profiles\profile_CC2435009_20250516_180646.png,cast,11.271666086873466,313.68731689453125,0.2054218879413485,999.7413387034642
80,CC2435009_20250517_163453,40.2840946,-106.8537164,data/profiles\profile_CC2435009_20250517_163453.png,cast,11.070608139038086,312.97833251953125,0.2059960681343612,999.7627090190916
81,CC2435009_20250517_163951,40.2841314,-106.8537554,data/profiles\profile_CC2435009_20250517_163951.png,cast,11.130294768659484,312.40889384032846,0.2052995681035695,999.7560069685112
82,CC2435009_20250517_164919,40.284239,-106.8517614,data/profiles\profile_CC2435009_20250517_164919.png,cast,11.112960815429688,313.0448913574219,0.2058189298981928,999.758206804898
83,CC2435009_20250517_170058,40.2849187,-106.8521215,data/profiles\profile_CC2435009_20250517_170058.png,cast,11.183136784513952,313.8869549992433,0.206018627228954,999.7510825434476
84,CC2435009_20250517_170414,40.284242,-106.8530193,data/profiles\profile_CC2435009_20250517_170414.png,cast,11.083267232423896,312.5429382324219,0.205635872147361,999.7611247341938
85,CC2435009_20250517_171019,40.2849844,-106.8537964,data/profiles\profile_CC2435009_20250517_171019.png,cast,11.061896324157717,313.3639221191406,0.2063021423279893,999.7638437587202
86,CC2435009_20250517_171326,40.285537,-106.8535995,data/profiles\profile_CC2435009_20250517_171326.png,cast,10.905908584594728,311.763916015625,0.2060401167163459,999.7794896772812
87,CC2435009_20250517_171516,40.2859736,-106.8537775,data/profiles\profile_CC2435009_20250517_171516.png,cast,10.846013266198792,310.0438385073605,0.2051879292765233,999.7848229564624
88,CC2435009_20250517_171644,40.286244,-106.8538334,data/profiles\profile_CC2435009_20250517_171644.png,cast,10.869864463806152,312.0144958496094,0.2064000650721936,999.7833899520332
89,CC2435009_20250517_171815,40.2861892,-106.854834,data/profiles\profile_CC2435009_20250517_171815.png,cast,10.84196156338315,310.42546405402965,0.2054683091212383,999.7854474128344
90,CC2435009_20250517_172030,40.2864788,-106.8556851,data/profiles\profile_CC2435009_20250517_172030.png,cast,11.081000688148162,313.8940124511719,0.2065595259106417,999.7620825138448
91,CC2435009_20250517_172425,40.2867823,-106.8561798,data/profiles\profile_CC2435009_20250517_172425.png,cast,11.333392630546877,314.9359741210937,0.2059376109698533,999.735215459605
92,CC2435009_20250517_172628,40.2868709,-106.8564574,data/profiles\profile_CC2435009_20250517_172628.png,cast,11.111917778713478,314.13702392578125,0.2065608477684354,999.7588964774347
93,CC2435009_20250517_172732,40.2870344,-106.8567535,data/profiles\profile_CC2435009_20250517_172732.png,cast,11.299741744995115,314.93322753906256,0.2061115804363648,999.7389164890286
94,CC2435009_20250517_172848,40.2872626,-106.857079,data/profiles\profile_CC2435009_20250517_172848.png,cast,11.05822938967304,312.02443025692645,0.2054169575041844,999.7635255894256
95,CC2435009_20250517_173059,40.2874729,-106.8573141,data/profiles\profile_CC2435009_20250517_173059.png,cast,11.179674234195922,313.5057678222656,0.2057801894875204,999.7512563048848
96,CC2435009_20250517_173251,40.2875777,-106.857508,data/profiles\profile_CC2435009_20250517_173251.png,cast,11.26311860026826,312.3321228027344,0.2045564562103649,999.7415602240012
97,CC2435009_20250517_173457,40.2876972,-106.8576967,data/profiles\profile_CC2435009_20250517_173457.png,cast,11.088679211641864,306.7653059743907,0.2017113882218825,999.7574890407542
98,CC2435009_20250517_173839,40.28701,-106.8570015,data/profiles\profile_CC2435009_20250517_173839.png,cast,11.419424287810696,314.9424653371129,0.2054936890638853,999.7256878816764
99,CC2435009_20250517_173933,40.2870735,-106.8568436,data/profiles\profile_CC2435009_20250517_173933.png,cast,11.27768144883187,314.2787780761719,0.2057875963204988,999.7409914464956
100,CC2435009_20250517_174031,40.2872326,-106.8565837,data/profiles\profile_CC2435009_20250517_174031.png,cast,11.217524295374377,314.4021169878055,0.2061850935205046,999.7476220130897
101,CC2435009_20250517_174119,40.2871227,-106.8564004,data/profiles\profile_CC2435009_20250517_174119.png,cast,11.104653549880128,312.42444639262936,0.2054440421891273,999.7587704112408
102,CC2435009_20250517_174258,40.2865647,-106.8564631,data/profiles\profile_CC2435009_20250517_174258.png,cast,11.466239550425424,315.1724793950551,0.2054041341605982,999.720582483769
103,CC2435009_20250517_174438,40.2867151,-106.8556661,data/profiles\profile_CC2435009_20250517_174438.png,cast,10.86174930995858,311.71588134765625,0.2062402024876636,999.7840766344754
104,CC2435009_20250517_174609,40.2861068,-106.8556919,data/profiles\profile_CC2435009_20250517_174609.png,cast,11.326443536827496,313.9489135742187,0.205312099041948,999.7354624937076
105,CC2435009_20250517_174752,40.2863941,-106.8543605,data/profiles\profile_CC2435009_20250517_174752.png,cast,11.029889252232715,312.0011901855469,0.2055496380987113,999.7665317499016
106,CC2435009_20250517_175733,40.2832652,-106.8540483,data/profiles\profile_CC2435009_20250517_175733.png,cast,11.334981123196997,314.3963623046875,0.2055675958642569,999.7347568146456
107,CC2435009_20250517_175849,40.2832753,-106.854042,data/profiles\profile_CC2435009_20250517_175849.png,cast,11.38367790914541,314.6995239257813,0.2055170949731623,999.7295319605364
108,CC2435009_20250517_175943,40.2832731,-106.8540311,data/profiles\profile_CC2435009_20250517_175943.png,cast,11.39118173312701,314.7679748535156,0.2055238641238699,999.7287355359722
109,CC2435009_20250517_180034,40.2832741,-106.8540506,data/profiles\profile_CC2435009_20250517_180034.png,cast,11.35743371842055,314.5045580968343,0.2055231500302836,999.7323350043488
110,CC2435009_20250517_180205,40.2832612,-106.8540194,data/profiles\profile_CC2435009_20250517_180205.png,cast,11.337318420410156,314.57061767578125,0.2056722176977708,999.7345906362776
111,CC2435009_20250517_180242,40.2832537,-106.8540038,data/profiles\profile_CC2435009_20250517_180242.png,cast,11.323599981367789,314.66064453125,0.2058041209892325,999.7361496756604
112,CC2435009_20250517_180414,40.2834392,-106.8537264,data/profiles\profile_CC2435009_20250517_180414.png,cast,11.034749031066896,311.7340087890625,0.2053436801720639,999.7658732532482
113,CC2435009_20250517_180453,40.2834463,-106.8537321,data/profiles\profile_CC2435009_20250517_180453.png,cast,11.065969467163086,311.8701171875,0.2052723028163463,999.7626177020692
114,CC2435009_20250517_180530,40.2834557,-106.8537515,data/profiles\profile_CC2435009_20250517_180530.png,cast,11.045427322387695,311.69512939453125,0.2052615602930915,999.7647159105668
115,CC2435009_20250517_180717,40.2836399,-106.8534394,data/profiles\profile_CC2435009_20250517_180717.png,cast,11.031786918640137,311.5141906738281,0.2052106703478458,999.766071803164
116,CC2435009_20250517_180756,40.2836489,-106.8534354,data/profiles\profile_CC2435009_20250517_180756.png,cast,11.030692100524902,311.6019897460937,0.2052757144204712,999.7662347635844
117,CC2435009_20250517_180836,40.2836502,-106.8534551,data/profiles\profile_CC2435009_20250517_180836.png,cast,11.04231071472168,311.5693359375,0.2051928969108598,999.7649811751744
118,CC2435009_20250517_190743,40.2829163,-106.8514433,data/profiles\profile_CC2435009_20250517_190743.png,cast,11.252825201345804,313.4014504617532,0.2053281108363366,999.7432477708404
119,CC2435009_20250517_191033,40.2818387,-106.8500863,data/profiles\profile_CC2435009_20250517_191033.png,cast,11.359100341796877,313.94580078125,0.2051401870057671,999.7318574241498
120,CC2435009_20250517_194148,40.2721508,-106.8767346,,point,11.806551933288574,318.72320556640625,0.2059993219422931,999.6861455272184
121,CC2435009_20250518_162158,40.2840935,-106.8536933,data/profiles\profile_CC2435009_20250518_162158.png,cast,11.133793436370386,312.669677734375,0.2054570183794441,999.7557681977808
122,CC2435009_20250518_164713,40.2781636,-106.8649939,data/profiles\profile_CC2435009_20250518_164713.png,cast,11.130357726868064,312.84814453125,0.2055952450307607,999.7562323580964
123,CC2435009_20250518_165029,40.2775064,-106.8656371,data/profiles\profile_CC2435009_20250518_165029.png,cast,11.163470930477017,313.31833972773626,0.2057387716453482,999.7529098773726
124,CC2435009_20250518_165437,40.2782904,-106.8658602,data/profiles\profile_CC2435009_20250518_165437.png,cast,11.123682022094728,313.1203918457031,0.2058136750032069,999.7570944730138
125,CC2435009_20250518_165712,40.2785165,-106.8659511,data/profiles\profile_CC2435009_20250518_165712.png,cast,11.10428775446442,312.75842921529005,0.2056711812486298,999.7589863224224
126,CC2435009_20250518_165911,40.2790912,-106.8659394,data/profiles\profile_CC2435009_20250518_165911.png,cast,11.138423339476647,313.15447998046875,0.2057594677249662,999.7555257711034
127,CC2435009_20250518_170119,40.2796058,-106.8659152,data/profiles\profile_CC2435009_20250518_170119.png,cast,11.141188968695234,313.18517179661865,0.2057656712020221,999.7552439939856
128,CC2435009_20250518_170334,40.2800613,-106.8657525,data/profiles\profile_CC2435009_20250518_170334.png,cast,11.13444709777832,313.12384033203125,0.2057596350597573,999.7559378445084
129,CC2435009_20250518_170521,40.2806205,-106.8667414,data/profiles\profile_CC2435009_20250518_170521.png,cast,11.174090409821654,313.4484558105468,0.2057708206956839,999.7518303731688
130,CC2435009_20250518_170702,40.2809645,-106.8670857,data/profiles\profile_CC2435009_20250518_170702.png,cast,11.177088849702695,313.38036666628244,0.2057093052506659,999.7514699705582
131,CC2435009_20250518_172501,40.2800736,-106.845928,data/profiles\profile_CC2435009_20250518_172501.png,cast,11.21001477852344,312.2992166190544,0.2048102474245507,999.7473294936608
132,CC2435009_20250518_172858,40.2814642,-106.8478861,data/profiles\profile_CC2435009_20250518_172858.png,cast,11.192655563354492,312.28173828125,0.2048888186875597,999.7492040842468
133,CC2435009_20250518_173211,40.2827419,-106.8502422,data/profiles\profile_CC2435009_20250518_173211.png,cast,11.19154930114746,312.1239013671875,0.204788397598506,999.7492407419284
134,CC2435009_20250518_173524,40.2839544,-106.8523672,data/profiles\profile_CC2435009_20250518_173524.png,cast,11.119984886513214,311.21841430664057,0.2045510448809679,999.7564864500862
135,CC2435009_20250518_183359,40.2833182,-106.8540042,data/profiles\profile_CC2435009_20250518_183359.png,cast,11.33081598530007,313.57244873046875,0.2050369933460296,999.7347830153524
136,CC2435009_20250518_184039,40.2834231,-106.8537506,data/profiles\profile_CC2435009_20250518_184039.png,cast,11.275497436523438,313.563232421875,0.2053186187357806,999.7408540194916
137,CC2435009_20250518_184557,40.2836299,-106.8534633,data/profiles\profile_CC2435009_20250518_184557.png,cast,11.307945253429835,313.6069641113281,0.2051790483154138,999.7373178540506
138,CC2435009_20250518_190838,40.279039,-106.8440941,data/profiles\profile_CC2435009_20250518_190838.png,cast,11.322630564531448,313.60805987599434,0.2051034107485409,999.7357032147412
139,CC2435009_20250518_191123,40.2796864,-106.8446064,data/profiles\profile_CC2435009_20250518_191123.png,cast,11.287079945403724,312.791748046875,0.2047405842681559,999.7391792370016
140,CC2435009_20250518_191527,40.2808308,-106.8463761,data/profiles\profile_CC2435009_20250518_191527.png,cast,11.28924146536778,313.31429797441166,0.2050799983092567,999.739217136544
141,CC2435009_20250518_191844,40.2819697,-106.8480278,data/profiles\profile_CC2435009_20250518_191844.png,cast,11.299522498318202,313.2138977050781,0.2049591823106916,999.7380363204176
142,CC2435009_20250518_192117,40.2825598,-106.8489853,data/profiles\profile_CC2435009_20250518_192117.png,cast,11.188735961914062,312.4804382324219,0.2050429058111737,999.7497337357796
143,CC2435009_20250518_192448,40.2839558,-106.8510148,data/profiles\profile_CC2435009_20250518_192448.png,cast,10.917266102484346,310.447021484375,0.2050879133117823,999.7775988516588
144,CC2435009_20250519_165212,40.2841324,-106.8536877,data/profiles\profile_CC2435009_20250519_165212.png,cast,10.433781528158557,307.6340906012682,0.2057167881166712,999.8252734876592
145,CC2435009_20250519_165532,40.2841137,-106.8536635,data/profiles\profile_CC2435009_20250519_165532.png,cast,10.45875072479248,307.7783203125,0.2056834466834542,999.8228859316569
146,CC2435009_20250519_171441,40.2725654,-106.8602614,data/profiles\profile_CC2435009_20250519_171441.png,cast,10.013987955141152,307.42614746093744,0.2078191839638207,999.8653908404928
147,CC2435009_20250519_171604,40.2724295,-106.859874,data/profiles\profile_CC2435009_20250519_171604.png,cast,10.004013061523438,307.59576416015625,0.2079908863107736,999.8664114566924
148,CC2435009_20250519_171650,40.27224,-106.8597672,data/profiles\profile_CC2435009_20250519_171650.png,cast,9.975933074951172,307.6420288085937,0.2081749469002228,999.8690418003084
149,CC2435009_20250519_171853,40.2719742,-106.8596831,data/profiles\profile_CC2435009_20250519_171853.png,cast,9.343859913053858,307.90826416015625,0.2118359960102738,999.9250700007126
150,CC2435009_20250519_172219,40.2718756,-106.8596502,,point,9.9054536819458,309.79058837890625,0.2100537832131994,999.8770558856752
151,CC2435009_20250519_172725,40.2717757,-106.8596677,,point,9.433306694030762,310.7240295410156,0.2133255638519983,999.9195556315927
152,CC2435009_20250519_173557,40.2741519,-106.8589254,data/profiles\profile_CC2435009_20250519_173557.png,cast,10.438222456429312,310.1316833496094,0.207407747093541,999.8261834684386
153,CC2435009_20250519_173742,40.2748746,-106.8578889,data/profiles\profile_CC2435009_20250519_173742.png,cast,10.559980908803476,310.2720390142141,0.2068545690619719,999.8141485914932
154,CC2435009_20250519_173901,40.2755173,-106.8578108,data/profiles\profile_CC2435009_20250519_173901.png,cast,10.569592696414404,310.2062137867933,0.206758415648292,999.8131489923448
155,CC2435009_20250519_174054,40.2759831,-106.8565891,data/profiles\profile_CC2435009_20250519_174054.png,cast,10.59185028076172,310.2525939941406,0.2066718593589642,999.8109365574892
156,CC2435009_20250519_174253,40.2766884,-106.8555103,data/profiles\profile_CC2435009_20250519_174253.png,cast,10.617269002705507,310.1933288574219,0.2064964314906302,999.8083417768664
157,CC2435009_20250519_174636,40.2784222,-106.8529511,data/profiles\profile_CC2435009_20250519_174636.png,cast,10.701387405395508,309.8689880371094,0.205830022440734,999.7996270397324
158,CC2435009_20250519_174916,40.2795357,-106.8520489,data/profiles\profile_CC2435009_20250519_174916.png,cast,10.72636604309082,309.0274963378906,0.205125143853327,999.7966232206512
159,CC2435009_20250519_181421,40.2756883,-106.8518049,data/profiles\profile_CC2435009_20250519_181421.png,cast,10.79986285229177,310.458984375,0.2057125143381515,999.789827676549
160,CC2435009_20250519_181800,40.2750265,-106.8511062,data/profiles\profile_CC2435009_20250519_181800.png,cast,10.797746658325195,310.2391967773437,0.2055742384220934,999.7899290375236
161,CC2435009_20250519_182038,40.2744099,-106.8505069,data/profiles\profile_CC2435009_20250519_182038.png,cast,10.692031860351562,309.6190795898437,0.2057090349240801,999.8004476070654
162,CC2435009_20250519_182316,40.2740052,-106.8500385,data/profiles\profile_CC2435009_20250519_182316.png,cast,10.717700159112391,310.22186279296875,0.2059843717295454,999.7981490385228
163,CC2435009_20250519_185748,40.2832754,-106.8540006,data/profiles\profile_CC2435009_20250519_185748.png,cast,10.719504356384276,309.3554992675781,0.2053846432972706,999.7975009156056
164,CC2435009_20250519_190629,40.2834476,-106.8537522,data/profiles\profile_CC2435009_20250519_190629.png,cast,10.767826085322328,309.51397705078125,0.2052383775609889,999.7926272579672
165,CC2435009_20250519_191035,40.2836196,-106.8534631,data/profiles\profile_CC2435009_20250519_191035.png,cast,10.738621135717285,308.8217163085937,0.2049206552269027,999.7952575245564
